"","start.station.id","start.station.name"
"1",72,"W 52 St & 11 Ave"
"2798",79,"Franklin St & W Broadway"
"4890",82,"St James Pl & Pearl St"
"5661",83,"Atlantic Ave & Fort Greene Pl"
"6740",119,"Park Ave & St Edwards St"
"6961",120,"Lexington Ave & Classon Ave"
"7747",127,"Barrow St & Hudson St"
"12017",128,"MacDougal St & Prince St"
"16752",143,"Clinton St & Joralemon St"
"18490",144,"Nassau St & Navy St"
"19055",146,"Hudson St & Reade St"
"21110",150,"E 2 St & Avenue C"
"23223",151,"Cleveland Pl & Spring St"
"28575",152,"Warren St & Church St"
"28914",157,"Henry St & Atlantic Ave"
"30338",161,"LaGuardia Pl & W 3 St"
"34924",164,"E 47 St & 2 Ave"
"36837",167,"E 39 St & 3 Ave"
"39829",168,"W 18 St & 6 Ave"
"45036",173,"Broadway & W 49 St"
"49459",174,"E 25 St & 1 Ave"
"52459",195,"Liberty St & Broadway"
"55249",212,"W 16 St & The High Line"
"58627",216,"Columbia Heights & Cranberry St"
"59348",217,"Old Fulton St"
"61638",223,"W 13 St & 7 Ave"
"61724",228,"E 48 St & 3 Ave"
"63556",229,"Great Jones St"
"69224",232,"Cadman Plaza E & Tillary St"
"70353",236,"St Marks Pl & 2 Ave"
"74285",237,"E 11 St & 2 Ave"
"78395",238,"Bank St & Washington St"
"79064",239,"Willoughby St & Fleet St"
"81184",241,"DeKalb Ave & S Portland Ave"
"82268",242,"Carlton Ave & Flushing Ave"
"83256",243,"Fulton St & Rockwell Pl"
"84084",244,"Willoughby Ave & Hall St"
"85332",245,"Myrtle Ave & St Edwards St"
"85898",247,"Perry St & Bleecker St"
"88337",248,"Laight St & Hudson St"
"89228",249,"Harrison St & Hudson St"
"90539",251,"Mott St & Prince St"
"94184",252,"MacDougal St & Washington Sq"
"96867",253,"W 13 St & 5 Ave"
"97074",254,"W 11 St & 6 Ave"
"101318",257,"Lispenard St & Broadway"
"103248",258,"DeKalb Ave & Vanderbilt Ave"
"104729",259,"South St & Whitehall St"
"106693",260,"Broad St & Bridge St"
"107858",261,"Johnson St & Gold St"
"108879",262,"Washington Park"
"109819",264,"Maiden Ln & Pearl St"
"111367",265,"Stanton St & Chrystie St"
"114873",266,"Avenue D & E 8 St"
"116120",267,"Broadway & W 36 St"
"118954",268,"Howard St & Centre St"
"122085",270,"Adelphi St & Myrtle Ave"
"123536",274,"Lafayette Ave & Fort Greene Pl"
"124909",275,"Washington Ave & Greene Ave"
"125671",276,"Duane St & Greenwich St"
"127272",278,"Concord St & Bridge St"
"127862",279,"Peck Slip & Front St"
"130270",280,"E 10 St & 5 Ave"
"130793",281,"Grand Army Plaza & Central Park S"
"137937",282,"Kent Ave & S 11 St"
"139325",284,"Greenwich Ave & 8 Ave"
"141222",285,"Broadway & E 14 St"
"148268",289,"Monroe St & Classon Ave"
"148868",291,"Madison St & Montgomery St"
"150221",293,"Lafayette St & E 8 St"
"156194",295,"Pike St & E Broadway"
"158235",296,"Division St & Bowery"
"160483",297,"E 15 St & 3 Ave"
"164606",301,"E 2 St & Avenue B"
"167687",302,"Avenue D & E 3 St"
"169518",303,"Mercer St & Spring St"
"172590",304,"Broadway & Battery Pl"
"175857",305,"E 58 St & 3 Ave"
"179008",306,"Cliff St & Fulton St_1"
"180618",307,"Canal St & Rutgers St"
"184381",308,"St James Pl & Oliver St"
"186125",309,"Murray St & West St"
"188581",310,"State St & Smith St"
"189867",311,"Norfolk St & Broome St"
"192189",312,"Allen St & Stanton St"
"195909",313,"Washington Ave & Park Ave"
"196868",314,"Cadman Plaza West & Montague St"
"198351",315,"South St & Gouverneur Ln"
"201800",316,"Fulton St & William St"
"203319",317,"E 6 St & Avenue B"
"206331",319,"Fulton St & Broadway"
"209145",320,"Leonard St & Church St"
"210916",321,"Cadman Plaza E & Red Cross Pl"
"212797",322,"Clinton St & Tillary St"
"213978",323,"Lawrence St & Willoughby St"
"216056",324,"DeKalb Ave & Hudson Ave"
"217495",325,"E 19 St & 3 Ave"
"220724",326,"E 11 St & 1 Ave"
"224341",327,"Vesey Pl & River Terrace"
"228875",328,"Watts St & Greenwich St"
"231399",330,"Reade St & Broadway"
"233264",331,"Pike St & Monroe St"
"234572",332,"Cherry St"
"236108",334,"W 20 St & 7 Ave"
"239170",335,"Washington Pl & Broadway"
"242644",336,"Sullivan St & Washington Sq"
"246146",337,"Old Slip & Front St"
"247392",339,"Avenue D & E 12 St"
"248339",340,"Madison St & Clinton St"
"249812",341,"Stanton St & Mangin St"
"250491",342,"Columbia St & Rivington St"
"252212",343,"Clinton Ave & Flushing Ave"
"252998",344,"Monroe St & Bedford Ave"
"253828",345,"W 13 St & 6 Ave"
"254214",346,"Bank St & Hudson St"
"257999",347,"Greenwich St & W Houston St"
"261837",349,"Rivington St & Ridge St"
"263417",350,"Clinton St & Grand St"
"265613",351,"Front St & Maiden Ln"
"267255",353,"S Portland Ave & Hanson Pl"
"268045",354,"Emerson Pl & Myrtle Ave"
"269142",355,"Bayard St & Baxter St"
"271772",356,"Bialystoker Pl & Delancey St"
"273524",357,"E 11 St & Broadway"
"275704",358,"Christopher St & Greenwich St"
"281703",359,"E 47 St & Park Ave"
"287145",360,"William St & Pine St"
"288568",361,"Allen St & Hester St"
"291768",362,"Broadway & W 37 St"
"293557",363,"West Thames St"
"296289",364,"Lafayette Ave & Classon Ave"
"297452",365,"Fulton St & Grand Ave"
"298328",366,"Clinton Ave & Myrtle Ave"
"299945",368,"Carmine St & 6 Ave"
"305869",369,"Washington Pl & 6 Ave"
"308549",372,"Franklin Ave & Myrtle Ave"
"309126",373,"Willoughby Ave & Walworth St"
"309547",376,"John St & William St"
"311123",377,"6 Ave & Canal St"
"314023",379,"W 31 St & 7 Ave"
"319192",380,"W 4 St & 7 Ave S"
"320316",382,"University Pl & E 14 St"
"326783",383,"Greenwich Ave & Charles St"
"331424",386,"Centre St & Worth St"
"333294",387,"Centre St & Chambers St"
"338864",388,"W 26 St & 10 Ave"
"341817",389,"Broadway & Berry St"
"343417",390,"Duffield St & Willoughby St"
"344714",391,"Clark St & Henry St"
"346886",392,"Jay St & Tech Pl"
"348741",393,"E 5 St & Avenue C"
"350413",394,"E 9 St & Avenue C"
"353141",396,"Lefferts Pl & Franklin Ave"
"353776",397,"Fulton St & Clermont Ave"
"354385",398,"Atlantic Ave & Furman St"
"356063",399,"Lafayette Ave & St James Pl"
"357256",400,"Pitt St & Stanton St"
"357951",401,"Allen St & Rivington St"
"361468",402,"Broadway & E 22 St"
"370215",403,"E 2 St & 2 Ave"
"373393",405,"Washington St & Gansevoort St"
"377766",406,"Hicks St & Montague St"
"379453",407,"Henry St & Poplar St"
"380410",408,"Market St & Cherry St"
"381654",409,"DeKalb Ave & Skillman St"
"382287",410,"Suffolk St & Stanton St"
"385978",411,"E 6 St & Avenue D"
"387562",412,"Forsyth St & Canal St"
"390727",414,"Pearl St & Anchorage Pl"
"392010",415,"Pearl St & Hanover Square"
"393644",416,"Cumberland St & Lafayette Ave"
"394814",417,"Barclay St & Church St"
"398448",418,"Front St & Gold St"
"399359",419,"Carlton Ave & Park Ave"
"399975",420,"Clermont Ave & Lafayette Ave"
"400853",421,"Clermont Ave & Park Ave"
"401335",422,"W 59 St & 10 Ave"
"403563",423,"W 54 St & 9 Ave"
"406240",426,"West St & Chambers St"
"412590",427,"Bus Slip & State St"
"414280",432,"E 7 St & Avenue A"
"420034",433,"E 13 St & Avenue A"
"424206",435,"W 21 St & 6 Ave"
"432475",436,"Hancock St & Bedford Ave"
"432985",437,"Macon St & Nostrand Ave"
"434210",438,"St Marks Pl & 1 Ave"
"438123",439,"E 4 St & 2 Ave"
"442349",440,"E 45 St & 3 Ave"
"444660",441,"E 52 St & 2 Ave"
"447560",442,"W 27 St & 7 Ave"
"452080",443,"Bedford Ave & S 9 St"
"452490",445,"E 10 St & Avenue A"
"456875",446,"W 24 St & 7 Ave"
"461498",447,"8 Ave & W 52 St"
"465128",448,"W 37 St & 10 Ave"
"468070",450,"W 49 St & 8 Ave"
"472534",453,"W 22 St & 8 Ave"
"477111",454,"E 51 St & 1 Ave"
"478628",455,"1 Ave & E 44 St"
"480904",456,"E 53 St & Madison Ave"
"483066",457,"Broadway & W 58 St"
"488921",458,"11 Ave & W 27 St"
"492609",459,"W 20 St & 11 Ave"
"497878",460,"S 4 St & Wythe Ave"
"500392",461,"E 20 St & 2 Ave"
"504091",462,"W 22 St & 10 Ave"
"509196",465,"Broadway & W 41 St"
"514402",466,"W 25 St & 6 Ave"
"518496",467,"Dean St & 4 Ave"
"520313",468,"Broadway & W 56 St"
"523942",469,"Broadway & W 53 St"
"526578",470,"W 20 St & 8 Ave"
"529349",471,"Grand St & Havemeyer St"
"530466",472,"E 32 St & Park Ave"
"534837",473,"Rivington St & Chrystie St"
"536911",474,"5 Ave & E 29 St"
"540788",476,"E 31 St & 3 Ave"
"544221",477,"W 41 St & 8 Ave"
"550938",478,"11 Ave & W 41 St"
"554170",479,"9 Ave & W 45 St"
"558482",480,"W 53 St & 10 Ave"
"561347",481,"S 3 St & Bedford Ave"
"563003",482,"W 15 St & 7 Ave"
"568479",483,"E 12 St & 3 Ave"
"572809",484,"W 44 St & 5 Ave"
"575904",485,"W 37 St & 5 Ave"
"579102",486,"Broadway & W 29 St"
"583240",487,"E 20 St & FDR Drive"
"586866",490,"8 Ave & W 33 St"
"593292",491,"E 24 St & Park Ave S"
"597813",492,"W 33 St & 7 Ave"
"603256",494,"W 26 St & 8 Ave"
"607211",495,"W 47 St & 10 Ave"
"610200",496,"E 16 St & 5 Ave"
"614732",497,"E 17 St & Broadway"
"623497",498,"Broadway & W 32 St"
"627846",499,"Broadway & W 60 St"
"634889",500,"Broadway & W 51 St"
"637453",501,"FDR Drive & E 35 St"
"640832",502,"Henry St & Grand St"
"643330",503,"E 20 St & Park Ave"
"644586",504,"1 Ave & E 16 St"
"649711",505,"6 Ave & W 33 St"
"655141",507,"E 25 St & 2 Ave"
"659212",508,"W 46 St & 11 Ave"
"661929",509,"9 Ave & W 22 St"
"666363",513,"W 56 St & 10 Ave"
"668481",514,"12 Ave & W 40 St"
"674238",515,"W 43 St & 10 Ave"
"677410",516,"E 47 St & 1 Ave"
"678786",517,"Pershing Square South"
"682889",518,"E 39 St & 2 Ave"
"686844",519,"Pershing Square North"
"698870",520,"W 52 St & 5 Ave"
"701919",522,"E 51 St & Lexington Ave"
"704143",523,"W 38 St & 8 Ave"
"710103",524,"W 43 St & 6 Ave"
"713131",525,"W 34 St & 11 Ave"
"715893",526,"E 33 St & 5 Ave"
"719246",527,"E 33 St & 2 Ave"
"723532",528,"2 Ave & E 31 St"
"726633",529,"W 42 St & 8 Ave"
"730289",530,"11 Ave & W 59 St"
"733879",531,"Forsyth St & Broome St"
"737798",532,"S 5 Pl & S 5 St"
"740791",533,"Broadway & W 38 St"
"743224",534,"Water - Whitehall Plaza"
"744714",536,"1 Ave & E 30 St"
"748283",537,"Lexington Ave & E 24 St"
"753198",539,"Metropolitan Ave & Bedford Ave"
"756014",540,"Lexington Ave & E 29 St"
"759559",545,"E 23 St & 1 Ave"
"763603",546,"E 30 St & Park Ave S"
"766637",2000,"Front St & Washington St"
"769097",2001,"Sands St & Navy St"
"769509",2002,"Wythe Ave & Metropolitan Ave"
"771924",2003,"1 Ave & E 18 St"
"775469",2005,"Railroad Ave & Kay Ave"
"775577",2006,"Central Park S & 6 Ave"
"782115",2008,"Little West St & 1 Pl"
"785756",2009,"Catherine St & Monroe St"
"787199",2010,"Grand St & Greene St"
"790030",2012,"E 27 St & 1 Ave"
"792467",2021,"W 45 St & 8 Ave"
"796159",2022,"E 60 St & York Ave"
"796860",2023,"E 55 St & Lexington Ave"
"798525",3002,"South End Ave & Liberty St"
"803771",3016,"Kent Ave & N 7 St"
"807098",3041,"Kingston Ave & Herkimer St"
"807443",3042,"Fulton St & Utica Ave"
"807858",3043,"Lewis Ave & Decatur St"
"808039",3044,"Albany Ave & Fulton St"
"808199",3046,"Marcus Garvey Blvd & Macon St"
"808614",3047,"Halsey St & Tompkins Ave"
"809135",3048,"Putnam Ave & Nostrand Ave"
"809487",3049,"Cambridge Pl & Gates Ave"
"810014",3050,"Putnam Ave & Throop Ave"
"810547",3052,"Lewis Ave & Madison St"
"811034",3053,"Marcy Ave & Lafayette Ave"
"811276",3054,"Greene Ave & Throop Ave"
"811692",3055,"Greene Ave & Nostrand Ave"
"812065",3056,"Kosciuszko St & Nostrand Ave"
"812450",3057,"Kosciuszko St & Tompkins Ave"
"812898",3058,"Lewis Ave & Kosciuszko St"
"813265",3059,"Pulaski St & Marcus Garvey Blvd"
"813510",3060,"Willoughby Ave & Tompkins Ave"
"813881",3061,"Throop Ave & Myrtle Ave"
"814066",3062,"Myrtle Ave & Marcy Ave"
"814572",3063,"Nostrand Ave & Myrtle Ave"
"814873",3064,"Myrtle Ave & Lewis Ave"
"815931",3065,"Union Ave & Wallabout St"
"816176",3066,"Tompkins Ave & Hopkins St"
"816563",3067,"Broadway & Whipple St"
"817065",3068,"Humboldt St & Varet St"
"817590",3069,"Lorimer St & Broadway"
"817924",3070,"McKibbin St & Manhattan Ave"
"818203",3071,"Boerum St & Broadway"
"818612",3072,"Leonard St & Boerum St"
"818904",3073,"Division Ave & Hooper St"
"819362",3074,"Montrose Ave & Bushwick Ave"
"820464",3075,"Division Ave & Marcy Ave"
"820685",3076,"Scholes St & Manhattan Ave"
"821385",3077,"Stagg St & Union Ave"
"822385",3078,"Broadway & Roebling St"
"823576",3080,"S 4 St & Rodney St"
"824240",3081,"Graham Ave & Grand St"
"824969",3082,"Hope St & Union Ave"
"826096",3083,"Bushwick Ave & Powers St"
"826769",3085,"Roebling St & N 4 St"
"827903",3086,"Graham Ave & Conselyea St"
"829591",3087,"Metropolitan Ave & Meeker Ave"
"830799",3088,"Union Ave & Jackson St"
"831234",3090,"N 8 St & Driggs Ave"
"833720",3091,"Frost St & Meeker St"
"834054",3092,"Berry St & N 8 St"
"835978",3093,"N 6 St & Bedford Ave"
"838930",3094,"Graham Ave & Withers St"
"839495",3095,"Graham Ave & Herbert St"
"839938",3096,"Union Ave & N 12 St"
"841194",3100,"Nassau Ave & Newell St"
"842130",3101,"N 12 St & Bedford Ave"
"843173",3102,"Driggs Ave & Lorimer St"
"843928",3103,"N 11 St & Wythe Ave"
"844798",3105,"N 15 St & Wythe Ave"
"845530",3106,"Driggs Ave & N Henry St"
"846637",3107,"Bedford Ave & Nassau Ave"
"848710",3108,"Nassau Ave & Russell St"
"849959",3109,"Banker St & Meserole Ave"
"851107",3110,"Meserole Ave & Manhattan Ave"
"852602",3112,"Milton St & Franklin St"
"854808",3113,"Greenpoint Ave & Manhattan Ave"
"856225",3115,"India St & Manhattan Ave"
"857329",3116,"Huron St & Franklin St"
"858440",3117,"Franklin St & Dupont St"
"859290",3118,"McGuinness Blvd & Eagle St"
"860380",3119,"Vernon Blvd & 50 Ave"
"862132",3120,"Center Blvd & Borden Ave"
"862604",3121,"Jackson Ave & 46 Rd"
"862993",3122,"48 Ave & 5 St"
"863327",3123,"31 St & Thomson Ave"
"863621",3124,"46 Ave & 5 St"
"864824",3125,"45 Rd & 11 St"
"865672",3126,"44 Dr & Jackson Ave"
"866661",3127,"9 St & 44 Rd"
"866915",3128,"21 St & 43 Ave"
"867174",3129,"Queens Plaza North & Crescent St"
"869077",3130,"21 St & Queens Plaza North"
"869557",3131,"E 68 St & 3 Ave"
"870633",3132,"E 59 St & Madison Ave"
"872594",3134,"3 Ave & E 62 St"
"874121",3135,"E 75 St & 3 Ave"
"875235",3136,"5 Ave & E 63 St"
"876411",3137,"5 Ave & E 73 St"
"879631",3139,"E 72 St & Park Ave"
"881009",3140,"1 Ave & E 78 St"
"883868",3141,"1 Ave & E 68 St"
"887984",3142,"1 Ave & E 62 St"
"891096",3143,"5 Ave & E 78 St"
"893586",3144,"E 81 St & Park Ave"
"894095",3145,"E 84 St & Park Ave"
"895386",3146,"E 81 St & 3 Ave"
"896609",3147,"E 85 St & 3 Ave"
"899291",3148,"E 84 St & 1 Ave"
"900877",3150,"E 85 St & York Ave"
"901957",3151,"E 81 St & York Ave"
"903291",3152,"3 Ave & E 71 St"
"904158",3155,"Lexington Ave & E 63 St"
"905666",3156,"E 72 St & York Ave"
"907670",3157,"East End Ave & E 86 St"
"908225",3158,"W 63 St & Broadway"
"911792",3159,"W 67 St & Broadway"
"915114",3160,"Central Park West & W 76 St"
"917641",3161,"W 76 St & Columbus Ave"
"920223",3162,"W 78 St & Broadway"
"922043",3163,"Central Park West & W 68 St"
"926486",3164,"Columbus Ave & W 72 St"
"931160",3165,"Central Park West & W 72 St"
"935692",3166,"Riverside Dr & W 72 St"
"937732",3167,"Amsterdam Ave & W 73 St"
"941688",3168,"Central Park West & W 85 St"
"945106",3169,"Riverside Dr & W 82 St"
"946457",3170,"W 84 St & Columbus Ave"
"948832",3171,"Amsterdam Ave & W 82 St"
"951134",3172,"W 74 St & Columbus Ave"
"952855",3173,"Riverside Blvd & W 67 St"
"954966",3175,"W 70 St & Amsterdam Ave"
"957418",3176,"W 64 St & West End Ave"
"959215",3177,"W 84 St & Broadway"
"960928",3178,"Riverside Dr & W 78 St"
"962083",3179,"Park Ave & Marcus Garvey Blvd"
"962371",3180,"Brooklyn Bridge Park - Pier 2"
"963560",3182,"Yankee Ferry Terminal"
"963563",3221,"47 Ave & 31 St"
"963816",3223,"E 55 St & 3 Ave"
"966383",3224,"W 13 St & Hudson St"
"971086",3226,"W 82 St & Central Park West"
"973251",3231,"E 67 St & Park Ave"
"974136",3232,"Bond St & Fulton St"
"975604",3233,"E 48 St & 5 Ave"
"979564",3235,"E 41 St & Madison Ave"
"981469",3236,"W 42 St & Dyer Ave"
"984742",3239,"Bressler"
"984775",3241,"Monroe St & Tompkins Ave"
"985327",3242,"Schermerhorn St & Court St"
"986598",3243,"E 58 St & 1 Ave"
"988639",3244,"University Pl & E 8 St"
"992917",3245,"NYCBS DEPOT - DELANCEY"
"992918",3249,"Verona Pl & Fulton St"
"993403",3254,"Soissons Landing"
"993409",3255,"8 Ave & W 31 St"
"1000666",3256,"Pier 40 - Hudson River Park"
"1004504",3258,"W 27 St & 10 Ave"
"1008087",3259,"9 Ave & W 28 St"
"1010800",3260,"Mercer St & Bleecker St"
"1014617",3263,"Cooper Square & Astor Pl"
"1020151",3282,"5 Ave & E 88 St"
"1024005",3283,"W 89 St & Columbus Ave"
"1026111",3284,"E 88 St & Park Ave"
"1026950",3285,"W 87 St & Amsterdam Ave"
"1028532",3286,"E 89 St & 3 Ave"
"1029901",3288,"E 88 St & 1 Ave"
"1030185",3289,"W 90 St & Amsterdam Ave"
"1031329",3290,"E 89 St & York Ave"
"1032772",3292,"5 Ave & E 93 St"
"1034176",3293,"W 92 St & Broadway"
"1035575",3294,"E 91 St & Park Ave"
"1036487",3295,"Central Park W & W 96 St"
"1038994",3296,"E 93 St & 2 Ave"
"1039731",3297,"6 St & 7 Ave"
"1040325",3298,"Warren St & Court St"
"1041251",3299,"E 98 St & Park Ave"
"1041434",3300,"Prospect Park West & 8 St"
"1042445",3301,"Columbus Ave & W 95 St"
"1044513",3302,"Columbus Ave & W 103 St"
"1044950",3303,"Butler St & Court St"
"1045573",3304,"6 Ave & 9 St"
"1046437",3305,"E 91 St & 2 Ave"
"1048179",3306,"10 St & 7 Ave"
"1048962",3307,"West End Ave & W 94 St"
"1050050",3308,"Kane St & Clinton St"
"1051014",3309,"E 97 St & 3 Ave"
"1051397",3310,"14 St & 7 Ave"
"1052242",3311,"Columbia St & Kane St"
"1053063",3312,"1 Ave & E 94 St"
"1054047",3313,"6 Ave & 12 St"
"1054579",3314,"W 95 St & Broadway"
"1056459",3315,"Henry St & Degraw St"
"1057743",3316,"W 104 St & Amsterdam Ave - 1"
"1058674",3317,"10 St & 5 Ave"
"1059125",3318,"2 Ave & E 96 St"
"1060802",3319,"14 St & 5 Ave"
"1061526",3320,"Central Park West & W 100 St"
"1063199",3321,"Clinton St & Union St"
"1064081",3322,"12 St & 4 Ave"
"1064413",3323,"W 106 St & Central Park West"
"1065906",3324,"3 Ave & 14 St"
"1066362",3325,"E 95 St & 3 Ave"
"1066726",3326,"Clinton St & Centre St"
"1066874",3327,"3 Ave & E 100 St"
"1067123",3328,"W 100 St & Manhattan Ave"
"1068217",3329,"Degraw St & Smith St"
"1068981",3330,"Henry St & Bay St"
"1069104",3331,"Riverside Dr & W 104 St"
"1070227",3332,"Degraw St & Hoyt St"
"1070775",3333,"Columbia St & Lorraine St"
"1070820",3335,"Union St & 4 Ave"
"1071990",3336,"E 97 St & Madison Ave"
"1073293",3337,"Dwight St & Van Dyke St"
"1073480",3338,"2 Ave & E 99 St"
"1073898",3339,"Berkeley Pl & 6 Ave"
"1074565",3340,"Wolcott St & Dwight St"
"1074746",3341,"Central Park West & W 102 St"
"1075742",3342,"Pioneer St & Richards St"
"1075922",3343,"W 107 St & Columbus Ave"
"1076670",3344,"Pioneer St & Van Brunt St"
"1077214",3345,"Madison Ave & E 99 St"
"1077908",3346,"Berkeley Pl & 7 Ave"
"1079191",3347,"Van Brunt St & Wolcott St"
"1079767",3348,"Coffey St & Conover St"
"1080192",3349,"Grand Army Plaza & Plaza St West"
"1082190",3350,"W 100 St & Broadway"
"1083987",3351,"E 102 St & 1 Ave"
"1085294",3352,"Sigourney St & Columbia St"
"1085551",3354,"3 St & Prospect Park West"
"1087112",3355,"E 66 St & Madison Ave"
"1087946",3356,"Amsterdam Ave & W 66 St"
"1089275",3357,"W 106 St & Amsterdam Ave"
"1090315",3358,"Garfield Pl & 8 Ave"
"1091190",3359,"E 68 St & Madison Ave"
"1092089",3360,"Amsterdam Ave & W 79 St"
"1094370",3361,"Carroll St & 6 Ave"
"1095325",3362,"Madison Ave & E 82 St"
"1096887",3363,"E 102 St & Park Ave"
"1097341",3364,"Carroll St & 5 Ave"
"1098166",3365,"3 St & 7 Ave"
"1099230",3366,"West End Ave & W 107 St"
"1100223",3367,"5 Ave & E 103 St"
"1101838",3368,"5 Ave & 3 St"
"1102944",3369,"E 82 St & East End Ave"
"1103883",3370,"E 78 St & 2 Ave"
"1104815",3371,"4 Ave & 2 St"
"1105229",3372,"E 74 St & 1 Ave"
"1106965",3373,"3 St & 3 Ave"
"1107885",3374,"Central Park North & Adam Clayton Powell Blvd"
"1110551",3375,"3 Ave & E 72 St"
"1111370",3376,"E 65 St & 2 Ave"
"1112431",3377,"Carroll St & Bond St"
"1113353",3378,"E 76 St & Park Ave"
"1114754",3379,"E 103 St & Lexington Ave"
"1115503",3381,"3 St & Hoyt St"
"1115975",3382,"Carroll St & Smith St"
"1117351",3383,"Cathedral Pkwy & Broadway"
"1118856",3384,"Smith St & 3 St"
"1119731",3386,"1 Pl & Clinton St"
"1120433",3387,"E 106 St & Madison Ave"
"1120840",3388,"President St & Henry St"
"1121510",3389,"Carroll St & Columbia St"
"1122222",3390,"E 109 St & 3 Ave"
"1122608",3391,"E 106 St & 1 Ave"
"1122905",3392,"Commerce St & Van Brunt St"
"1123188",3393,"Richards St & Delavan St"
"1123482",3394,"Columbia St & W 9 St"
"1123555",3396,"Clinton St & 4 Place"
"1124348",3397,"Court St & Nelson St"
"1125060",3398,"Smith St & 9 St"
"1126005",3399,"7 St & 3 Ave"
"1126402",3400,"E 110 St & Madison Ave"
"1127148",3401,"2 Ave & 9 St"
"1127468",3402,"Court St & State St"
"1129400",3403,"4 Ave & 9 St"
"1130085",3404,"7 St & 5 Ave"
"1130682",3405,"5 St & 6 Ave"
"1131217",3407,"Union St & Nevins St"
"1131981",3408,"Congress St & Clinton St"
"1133075",3409,"Bergen St & Smith St"
"1135625",3410,"Dean St & Hoyt St"
"1136354",3411,"Bond St & Bergen St"
"1137313",3412,"Pacific St & Nevins St"
"1138027",3413,"Wyckoff St & 3 Ave"
"1138712",3414,"Bergen St & Flatbush Ave"
"1139732",3415,"Prospect Pl & 6 Ave"
"1140441",3417,"Baltic St & 5 Ave"
"1141461",3418,"Plaza St West & Flatbush Ave"
"1143077",3419,"Douglass St & 4 Ave"
"1143910",3420,"Douglass St & 3 Ave"
"1144875",3421,"Hoyt St & Warren St"
"1145269",3422,"Columbia St & Degraw St"
"1146113",3423,"West Drive & Prospect Park West"
"1148496",3424,"E 106 St & Lexington Ave"
"1148903",3425,"2 Ave & E 104 St"
"1149651",3427,"Lafayette St & Jersey St"
"1154013",3429,"Hanson Pl & Ashland Pl"
"1156968",3430,"Richardson St & N Henry St"
"1157915",3431,"E 35 St & 3 Ave"
"1160228",3432,"NYCBS Depot - GOW"
"1160290",3434,"W 88 St & West End Ave"
"1161524",3435,"Grand St & Elizabeth St"
"1166585",3437,"Riverside Dr & W 91 St"
"1167542",3438,"E 76 St & 3 Ave"
"1168514",3440,"Fulton St & Adams St"
"1170696",3441,"10 Hudson Yards"
"1170978",3443,"W 52 St & 6 Ave"
"1175495",3447,"E 71 St & 1 Ave"
"1177052",3449,"Eckford St & Engert Ave"
"1177521",3452,"Bayard St & Leonard St"
"1178202",3453,"Devoe St & Lorimer St"
"1179248",3454,"Leonard St & Maujer St"
"1179899",3455,"Schermerhorn St & 3 Ave"
"1180666",3456,"Jackson St & Leonard St"
"1180899",3457,"E 58 St & Madison Ave"
"1182276",3458,"W 55 St & 6 Ave"
"1185600",3459,"E 53 St & 3 Ave"
"1187636",3461,"Murray St & Greenwich St"
"1190040",3462,"E 44 St & 2 Ave"
"1191481",3463,"E 16 St & Irving Pl"
"1194458",3466,"W 45 St & 6 Ave (OLD)"
"1197110",3468,"NYCBS Depot - STY - Garage 4"
"1197157",3469,"India St & West St"
"1197605",3472,"W 15 St & 10 Ave"
"1200103",3474,"6 Ave & Spring St"
"1203047",3477,"39 St & 2 Ave - Citi Bike HQ at Industry City"
"1203204",3478,"2 Ave & 36 St - Citi Bike HQ at Industry City"
"1203803",3479,"Picnic Point"
"1203805",3485,"NYCBS Depot - RIS"
"1203807",3486,"Schermerhorn St & Bond St"
"1205254",3488,"8D QC Station 01"
"1205255",3489,"Gold St & Frankfort St"
"1206301",3490,"E 116 St & 2 Ave"
"1206529",3491,"E 118 St & 1 Ave"
"1206838",3492,"E 118 St & Park Ave"
"1206940",3493,"E 118 St & 3 Ave"
"1207228",3494,"E 115 St & Lexington Ave"
"1207558",3495,"E 114 St & 1 Ave"
"1207794",3496,"1 Ave & E 110 St"
"1208440",3497,"Pleasant Ave & E 116 St"
"1209250",3498,"Pleasant Ave & E 120 St"
"1209460",3499,"2 Ave & E 122 St"
"1209708",3500,"E 115 St & Madison Ave"
"1209954",3501,"E 118 St & Madison Ave"
"1210223",3502,"Lexington Ave & E 111 St"
"1210610",3503,"Madison Ave & E 120 St"
"1210843",3504,"E 123 St & Lexington Ave"
"1211139",3505,"Lexington Ave & E 127 St"
"1211285",3506,"Lexington Ave & E 120 St"
"1211470",3507,"Park Ave & E 124 St"
"1212913",3508,"St Nicholas Ave & Manhattan Ave"
"1213975",3509,"Lenox Ave & W 115 St"
"1214634",3510,"Adam Clayton Powell Blvd & W 123 St"
"1215146",3511,"Adam Clayton Powell Blvd & W 115 St"
"1215521",3512,"27 Ave & 4 St"
"1215579",3513,"21 St & Hoyt Ave S"
"1215752",3514,"Astoria Park S & Shore Blvd"
"1216188",3515,"24 Ave & 26 St"
"1216456",3516,"31 St & Astoria Blvd"
"1217287",3517,"31 St & Hoyt Ave N"
"1217686",3518,"Lenox Ave & W 126 St"
"1218611",3520,"Adam Clayton Powell Blvd & W 118 St"
"1218977",3521,"Lenox Ave & W 111 St"
"1220663",3522,"37 St & 24 Ave"
"1220907",3523,"24 Ave & 29 St"
"1221145",3524,"19 St & 24 Ave"
"1221476",3525,"23 Ave & 27 St"
"1221636",3526,"31 St & 23 Ave"
"1222423",3527,"5 Ave & E 126 St"
"1222683",3528,"Steinway St & 23 Ave"
"1222962",3529,"Lenox Ave & W 130 St"
"1223632",3530,"Crescent St & Ditmars Blvd"
"1223911",3531,"Frederick Douglass Blvd & W 129 St"
"1224297",3532,"Ditmars Blvd & 19 St"
"1224760",3533,"St. Nicholas Ave & W 126 St"
"1225350",3534,"Frederick Douglass Blvd & W 117 St"
"1226774",3535,"Mt Morris Park W & W 120 St"
"1227350",3536,"W 116 St & Broadway"
"1228495",3537,"Carlton Ave & Dean St"
"1229162",3538,"W 110 St & Amsterdam Ave"
"1230164",3539,"W 116 St & Amsterdam Ave"
"1231600",3540,"Morningside Ave & W 123 St"
"1232056",3541,"Amsterdam Ave & W 125 St"
"1232409",3542,"Amsterdam Ave & W 119 St"
"1233209",3543,"Morningside Dr & Amsterdam Ave"
"1233472",3544,"Underhill Ave & Pacific St"
"1234107",3545,"Broadway & W 122 St"
"1234616",3546,"Pacific St & Classon Ave"
"1234898",3547,"Broadway & Moylan Pl"
"1235817",3549,"Grand Ave & Bergen St"
"1236557",3551,"3 Ave & E 112 St"
"1236786",3552,"W 113 St & Broadway"
"1237732",3553,"Frederick Douglass Blvd & W 112 St"
"1239106",3554,"Vernon Blvd & 41 Rd"
"1239355",3555,"28 St & 41 Ave"
"1239913",3556,"24 St & 41 Ave"
"1240304",3557,"40 Ave & 9 St"
"1240365",3558,"Bergen St & Vanderbilt Ave"
"1241338",3559,"21 St & 38 Ave"
"1241420",3560,"28 St & 38 Ave"
"1241714",3561,"37 Ave & 35 St"
"1241986",3562,"Classon Ave & St Marks Ave"
"1242748",3563,"28 St & 36 Ave"
"1243099",3564,"21 St & 36 Ave"
"1243185",3565,"36 Ave & 10 St"
"1243478",3566,"Crescent St & 35 Ave"
"1243774",3567,"11 St & 35 Ave"
"1243853",3568,"34 St & 35 Ave"
"1244319",3569,"Franklin Ave & St Marks Ave"
"1245040",3570,"35 Ave & 37 St"
"1245454",3571,"Bedford Ave & Bergen St"
"1246089",3572,"34 Ave & 38 St"
"1246704",3573,"35 St & 34 Ave"
"1246945",3574,"Prospect Pl & Underhill Ave"
"1247568",3575,"Crescent St & 34 Ave"
"1247834",3576,"Park Pl & Vanderbilt Ave"
"1249022",3577,"34 Ave & 21 St"
"1249263",3578,"Park Pl & Franklin Ave"
"1249619",3579,"Sterling Pl & Bedford Ave"
"1250081",3580,"St Johns Pl & Washington Ave"
"1250785",3581,"Underhill Ave & Lincoln Pl"
"1251678",3582,"Lincoln Pl & Classon Ave"
"1252005",3583,"Eastern Pkwy & Washington Ave"
"1252970",3584,"Eastern Pkwy & Franklin Ave"
"1253906",3585,"Union St & Bedford Ave"
"1254087",3586,"34 Ave & 13 St"
"1254181",3587,"Carroll St & Washington Ave"
"1254462",3588,"Vernon Blvd & 10 St"
"1254830",3589,"Broadway & 12 St"
"1255067",3590,"Carroll St & Franklin Ave"
"1255187",3591,"21 St & 31 Dr"
"1255509",3592,"Crescent St & Broadway"
"1255949",3593,"31 St & Broadway"
"1256984",3595,"35 St & Broadway"
"1257335",3596,"Sullivan Pl & Bedford Ave"
"1257400",3597,"43 St & Broadway"
"1257727",3598,"Newton Rd & 44 St"
"1257967",3599,"Franklin Ave & Empire Blvd"
"1258724",3601,"Sterling St & Bedford Ave"
"1258887",3602,"31 Ave & 34 St"
"1259482",3603,"31 Ave & 30 St"
"1259913",3604,"Rogers Ave & Sterling St"
"1260157",3605,"31 Ave & Crescent St"
"1260575",3606,"49 Ave & 21 St"
"1260834",3607,"31 Ave & 14 St"
"1261057",3608,"5 St & 51 Ave"
"1261301",3609,"Vernon Blvd & 31 Ave"
"1261605",3610,"Vernon Blvd & 30 Rd"
"1261995",3611,"Vernon Blvd & 47 Rd"
"1262590",3612,"30 Ave & 21 St"
"1262780",3613,"Center Blvd & 48 Ave"
"1263420",3614,"Crescent St & 30 Ave"
"1263889",3615,"44 Dr & 21 St"
"1264552",3616,"Steinway St & 28 Ave"
"1265038",3617,"28 Ave & 35 St"
"1265471",3618,"27 St & Hunter St"
"1265823",3619,"Newtown Ave & 23 St"
"1266134",3620,"11 St & 43 Ave"
"1266146",3621,"27 Ave & 9 St"
"1266333",3622,"E 128 St & Madison Ave"
"1266652",3623,"W 120 St & Claremont Ave"
"1267333",3625,"28 St & 40 Ave"
"1267516",3628,"Lenox Ave & W 117 St"
"1267745",3629,"Adam Clayton Powell Blvd & W 126 St"
"1268126",3631,"Crown St & Bedford Ave"
"1268237",3632,"E 12 St & Avenue B"
"1271459",3635,"W 36 St & 9 Ave"
"1274175",3637,"Fulton St & Waverly Ave"
"1275242",3641,"Broadway & W 25 St"
"1281175",3643,"E 41 St & 5 Ave"
"1282293",3644,"Van Dyke St & Van Brunt St"
"1282908",3646,"35 Ave & 10 St"
"1283078",3647,"48 Ave & 30 Pl"
"1283216",3648,"Flushing Ave & Vanderbilt Ave"
"1284176",3649,"W 129 St & Convent Ave"
"1284394",3653,"31 St & 35 Ave"
"1284711",3654,"31 St & Northern Blvd"
"1284941",3656,"E 2 St & Avenue A"
"1287710",3658,"W 18 St & 9 Ave"
"1289841",3659,"W 17 St & 9 Ave"
"1292074",3660,"W 16 St & 8 Ave"
"1297878",3661,"Montgomery St & Franklin Ave"
"1298007",3662,"31 Ave & Steinway St"
"1298362",3663,"Sterling Pl & 7 Ave"
"1299545",3664,"North Moore St & Greenwich St"
"1302304",3668,"Leonard St & Nassau Ave"
"1303248",3669,"Henry St & W 9 St"
"1303400",3671,"E 81 St & 2 Ave"
"1304545",3673,"Dean St & Franklin Ave"
"1304652",3674,"Jay St & York St"
"1306986",3680,"E 43 St & 5 Ave"
